{"cameraMode":{"drawMode":0,"name":"Shaded","section":"Shading Mode"},"sceneLighting":true,"audioPlay":false,"sceneViewState":{"m_AlwaysRefresh":false,"showFog":false,"showSkybox":false,"showFlares":false,"showImageEffects":false,"showParticleSystems":false,"showVisualEffectGraphs":true,"m_FxEnabled":true},"in2DMode":false,"pivot":{"x":903.5226440429688,"y":325.00177001953127,"z":11.6602783203125},"rotation":{"x":-0.0033096682745963337,"y":0.0035968755837529899,"z":-0.00000796706535766134,"w":-0.9999995231628418},"size":780.3964233398438,"orthographic":false}