{"cameraMode":{"drawMode":0,"name":"Shaded","section":"Shading Mode"},"sceneLighting":true,"audioPlay":false,"sceneViewState":{"showFog":false,"showMaterialUpdate":false,"showSkybox":false,"showFlares":false,"showImageEffects":false,"showParticleSystems":false},"in2DMode":false,"pivot":{"x":0.04183816909790039,"y":2.6969990730285646,"z":0.5583065152168274},"rotation":{"x":-0.13570377230644227,"y":-0.6859026551246643,"z":0.13249090313911439,"w":-0.7025587558746338},"size":4.3589277267456059,"orthographic":false}