{"cameraMode":{"drawMode":0,"name":"Shaded","section":"Shading Mode"},"sceneLighting":false,"audioPlay":false,"sceneViewState":{"showFog":false,"showMaterialUpdate":false,"showSkybox":false,"showFlares":false,"showImageEffects":false,"showParticleSystems":false},"in2DMode":false,"pivot":{"x":1.0338163375854493,"y":0.2978227436542511,"z":0.5113551616668701},"rotation":{"x":-0.04210885986685753,"y":-0.6767916083335877,"z":0.03882918134331703,"w":-0.7339524030685425},"size":3.1497061252593996,"orthographic":false}