{"cameraMode":{"drawMode":0,"name":"Shaded","section":"Shading Mode"},"sceneLighting":false,"audioPlay":false,"sceneViewState":{"showFog":false,"showMaterialUpdate":false,"showSkybox":false,"showFlares":false,"showImageEffects":false,"showParticleSystems":false},"in2DMode":false,"pivot":{"x":0.044413089752197269,"y":0.41052520275115969,"z":-0.28599196672439577},"rotation":{"x":-0.06906351447105408,"y":-0.6683406233787537,"z":0.06254459917545319,"w":-0.7380062341690064},"size":4.40394401550293,"orthographic":false}