{"cameraMode":{"drawMode":0,"name":"Shaded","section":"Shading Mode"},"sceneLighting":false,"audioPlay":false,"sceneViewState":{"showFog":false,"showMaterialUpdate":false,"showSkybox":false,"showFlares":false,"showImageEffects":false,"showParticleSystems":false},"in2DMode":false,"pivot":{"x":0.9687959551811218,"y":0.0032207034528255464,"z":-0.3729553818702698},"rotation":{"x":-0.046668801456689838,"y":-0.07275926321744919,"z":0.003408009884878993,"w":-0.9962608814239502},"size":3.7176008224487306,"orthographic":false}