{"cameraMode":{"drawMode":0,"name":"Shaded","section":"Shading Mode"},"sceneLighting":false,"audioPlay":false,"sceneViewState":{"showFog":false,"showMaterialUpdate":false,"showSkybox":false,"showFlares":false,"showImageEffects":false,"showParticleSystems":false},"in2DMode":false,"pivot":{"x":0.001776963472366333,"y":0.1747424304485321,"z":-0.05327349901199341},"rotation":{"x":-0.06906351447105408,"y":-0.6683406233787537,"z":0.06254459917545319,"w":-0.7380062341690064},"size":4.259184837341309,"orthographic":false}